# S1_pain,S2_pain,Fear,NegEmotion,NegWorld,BodySens,Arousal,Random,Numb,Sadness
1.0000,0.1204,-0.0818,-0.0891,-0.1313,-0.1030,0.1124,0.0426,0.1014,0.1016
0.1204,1.0000,-0.0760,-0.1119,-0.1373,-0.1387,0.1182,0.0440,0.1226,0.0678
-0.0818,-0.0760,1.0000,0.1950,0.0647,0.0823,0.1997,0.0993,0.0890,0.1565
-0.0891,-0.1119,0.1950,1.0000,0.1241,0.0864,0.2570,0.1420,0.1144,0.1867
-0.1313,-0.1373,0.0647,0.1241,1.0000,0.0129,0.1055,0.0766,0.0599,0.0734
-0.1030,-0.1387,0.0823,0.0864,0.0129,1.0000,0.1657,0.0546,0.0837,0.1032
0.1124,0.1182,0.1997,0.2570,0.1055,0.1657,1.0000,0.2777,0.2374,0.3072
0.0426,0.0440,0.0993,0.1420,0.0766,0.0546,0.2777,1.0000,0.1647,0.1861
0.1014,0.1226,0.0890,0.1144,0.0599,0.0837,0.2374,0.1647,1.0000,0.2960
0.1016,0.0678,0.1565,0.1867,0.0734,0.1032,0.3072,0.1861,0.2960,1.0000
